name,type,n_anthropic/claude-sonnet-4.5,n_deepseek/deepseek-v3.1-terminus,n_google/gemini-2.5-flash,n_meta-llama/llama-4-maverick,n_openai/gpt-5-mini,pooled_count,llm_freq,human_freq,lift,lift_ci_low,lift_ci_high,n_models,unstable
Quasar,surname,0,0,0,9,4,13,0.01300,3.388e-09,3836839.3,2246837.5,6526951.2,2,0
Shadowglow,surname,0,0,0,10,3,13,0.01300,3.388e-09,3836839.3,2246837.5,6526951.2,2,0
Vex,surname,0,0,0,6,7,13,0.01300,3.388e-09,3836839.3,2246837.5,6526951.2,2,0
Elianore,first,0,0,0,9,4,13,0.01300,3.844e-09,3381514.3,1980201.0,5752385.5,2,0
Darkhaven,surname,0,0,0,1,6,7,0.00700,3.388e-09,2065990.4,1001953.7,4243690.9,2,1
Rostova,surname,0,5,1,0,0,6,0.00600,3.388e-09,1770848.9,812415.8,3845204.9,2,1
Lyrien,first,0,0,0,2,3,5,0.00500,3.844e-09,1300582.4,556000.0,3030649.8,2,1
Fanshawe,surname,0,0,0,2,2,4,0.00400,3.388e-09,1180565.9,459406.3,3022166.3,2,1
Moonwhisper,surname,0,0,0,3,1,4,0.00400,3.388e-09,1180565.9,459406.3,3022166.3,2,1
Em,first,0,0,0,3,0,3,0.00300,3.844e-09,780349.4,265517.9,2284647.7,1,1
Crossing,surname,2,0,0,0,0,2,0.00200,3.388e-09,590283.0,161924.1,2143600.5,1,1
Darkshadow,surname,0,0,0,2,0,2,0.00200,3.388e-09,590283.0,161924.1,2143600.5,1,1
Jaxon,surname,0,0,0,1,1,2,0.00200,3.388e-09,590283.0,161924.1,2143600.5,2,1
Kaelen,surname,1,1,0,0,0,2,0.00200,3.388e-09,590283.0,161924.1,2143600.5,2,1
Umbrella,surname,2,0,0,0,0,2,0.00200,3.388e-09,590283.0,161924.1,2143600.5,1,1
Vexen,surname,0,0,0,0,2,2,0.00200,3.388e-09,590283.0,161924.1,2143600.5,1,1
Borrowed,first,2,0,0,0,0,2,0.00200,3.844e-09,520233.0,142708.3,1889215.3,1,1
Hackney,first,2,0,0,0,0,2,0.00200,3.844e-09,520233.0,142708.3,1889215.3,1,1
Ravenswood,first,0,0,0,0,2,2,0.00200,3.844e-09,520233.0,142708.3,1889215.3,1,1
Schwinn,first,0,1,0,0,1,2,0.00200,3.844e-09,520233.0,142708.3,1889215.3,2,1
Thibodeaux,first,0,0,0,2,0,2,0.00200,3.844e-09,520233.0,142708.3,1889215.3,1,1
Waterloo,first,0,2,0,0,0,2,0.00200,3.844e-09,520233.0,142708.3,1889215.3,1,1
Xylos,first,0,0,2,0,0,2,0.00200,3.844e-09,520233.0,142708.3,1889215.3,1,1
Étienne,first,0,0,0,2,0,2,0.00200,3.844e-09,520233.0,142708.3,1889215.3,1,1
Alderan,surname,0,0,0,0,1,1,0.00100,3.388e-09,295141.5,52104.8,1665395.7,1,1
Archivist,surname,0,0,0,1,0,1,0.00100,3.388e-09,295141.5,52104.8,1665395.7,1,1
Brightforge,surname,1,0,0,0,0,1,0.00100,3.388e-09,295141.5,52104.8,1665395.7,1,1
Brightshield,surname,0,0,0,1,0,1,0.00100,3.388e-09,295141.5,52104.8,1665395.7,1,1
Brightshore,surname,0,0,0,1,0,1,0.00100,3.388e-09,295141.5,52104.8,1665395.7,1,1
Brightstoke,surname,0,0,0,0,1,1,0.00100,3.388e-09,295141.5,52104.8,1665395.7,1,1
Buonarroti,surname,1,0,0,0,0,1,0.00100,3.388e-09,295141.5,52104.8,1665395.7,1,1
Celene,surname,1,0,0,0,0,1,0.00100,3.388e-09,295141.5,52104.8,1665395.7,1,1
Cod,surname,0,0,0,0,1,1,0.00100,3.388e-09,295141.5,52104.8,1665395.7,1,1
Darkhunter,surname,0,0,0,0,1,1,0.00100,3.388e-09,295141.5,52104.8,1665395.7,1,1
Drive,surname,0,0,0,1,0,1,0.00100,3.388e-09,295141.5,52104.8,1665395.7,1,1
Eiravel,surname,0,0,0,0,1,1,0.00100,3.388e-09,295141.5,52104.8,1665395.7,1,1
Gloom,surname,0,0,1,0,0,1,0.00100,3.388e-09,295141.5,52104.8,1665395.7,1,1
Greymar,surname,0,0,0,0,1,1,0.00100,3.388e-09,295141.5,52104.8,1665395.7,1,1
Gómez,surname,0,0,0,0,1,1,0.00100,3.388e-09,295141.5,52104.8,1665395.7,1,1
Helios,surname,0,0,0,0,1,1,0.00100,3.388e-09,295141.5,52104.8,1665395.7,1,1
Ironfist,surname,0,0,0,0,1,1,0.00100,3.388e-09,295141.5,52104.8,1665395.7,1,1
Kael,surname,1,0,0,0,0,1,0.00100,3.388e-09,295141.5,52104.8,1665395.7,1,1
Kovač,surname,1,0,0,0,0,1,0.00100,3.388e-09,295141.5,52104.8,1665395.7,1,1
Kovács,surname,1,0,0,0,0,1,0.00100,3.388e-09,295141.5,52104.8,1665395.7,1,1
Maelis,surname,1,0,0,0,0,1,0.00100,3.388e-09,295141.5,52104.8,1665395.7,1,1
Marchlands,surname,1,0,0,0,0,1,0.00100,3.388e-09,295141.5,52104.8,1665395.7,1,1
Mario-favored,surname,0,0,0,0,1,1,0.00100,3.388e-09,295141.5,52104.8,1665395.7,1,1
Nightmix,surname,0,0,0,0,1,1,0.00100,3.388e-09,295141.5,52104.8,1665395.7,1,1
Nightshade,surname,0,0,0,0,1,1,0.00100,3.388e-09,295141.5,52104.8,1665395.7,1,1
Pontus,surname,0,1,0,0,0,1,0.00100,3.388e-09,295141.5,52104.8,1665395.7,1,1
Rockhaven,surname,0,0,0,0,1,1,0.00100,3.388e-09,295141.5,52104.8,1665395.7,1,1
Stonebrooke,surname,0,0,0,1,0,1,0.00100,3.388e-09,295141.5,52104.8,1665395.7,1,1
Stoneweaver,surname,0,0,0,1,0,1,0.00100,3.388e-09,295141.5,52104.8,1665395.7,1,1
Survey,surname,0,1,0,0,0,1,0.00100,3.388e-09,295141.5,52104.8,1665395.7,1,1
Theryn,surname,1,0,0,0,0,1,0.00100,3.388e-09,295141.5,52104.8,1665395.7,1,1
Universitaria,surname,0,0,0,0,1,1,0.00100,3.388e-09,295141.5,52104.8,1665395.7,1,1
Valiopoulos,surname,0,0,0,0,1,1,0.00100,3.388e-09,295141.5,52104.8,1665395.7,1,1
Valon,surname,0,1,0,0,0,1,0.00100,3.388e-09,295141.5,52104.8,1665395.7,1,1
Vexar,surname,0,0,0,0,1,1,0.00100,3.388e-09,295141.5,52104.8,1665395.7,1,1
Wastes,surname,1,0,0,0,0,1,0.00100,3.388e-09,295141.5,52104.8,1665395.7,1,1
Waverley,surname,0,0,0,0,1,1,0.00100,3.388e-09,295141.5,52104.8,1665395.7,1,1
Xylos,surname,0,0,1,0,0,1,0.00100,3.388e-09,295141.5,52104.8,1665395.7,1,1
Yanski,surname,0,0,0,0,1,1,0.00100,3.388e-09,295141.5,52104.8,1665395.7,1,1
Althor,first,0,0,0,1,0,1,0.00100,3.844e-09,260116.5,45921.4,1467760.0,1,1
Arach,first,0,0,0,0,1,1,0.00100,3.844e-09,260116.5,45921.4,1467760.0,1,1
Artificer,first,1,0,0,0,0,1,0.00100,3.844e-09,260116.5,45921.4,1467760.0,1,1
Athskyr,first,0,0,0,0,1,1,0.00100,3.844e-09,260116.5,45921.4,1467760.0,1,1
Bastogne,first,1,0,0,0,0,1,0.00100,3.844e-09,260116.5,45921.4,1467760.0,1,1
Bianchi,first,0,0,0,0,1,1,0.00100,3.844e-09,260116.5,45921.4,1467760.0,1,1
Blackbeard,first,0,0,0,0,1,1,0.00100,3.844e-09,260116.5,45921.4,1467760.0,1,1
Bold,first,0,0,0,1,0,1,0.00100,3.844e-09,260116.5,45921.4,1467760.0,1,1
Brass,first,1,0,0,0,0,1,0.00100,3.844e-09,260116.5,45921.4,1467760.0,1,1
Burberry,first,0,1,0,0,0,1,0.00100,3.844e-09,260116.5,45921.4,1467760.0,1,1
Cartographer,first,1,0,0,0,0,1,0.00100,3.844e-09,260116.5,45921.4,1467760.0,1,1
Ciudad,first,0,0,0,0,1,1,0.00100,3.844e-09,260116.5,45921.4,1467760.0,1,1
Daughter,first,1,0,0,0,0,1,0.00100,3.844e-09,260116.5,45921.4,1467760.0,1,1
Drip,first,1,0,0,0,0,1,0.00100,3.844e-09,260116.5,45921.4,1467760.0,1,1
Elwynn,first,0,0,0,0,1,1,0.00100,3.844e-09,260116.5,45921.4,1467760.0,1,1
Glock,first,0,0,1,0,0,1,0.00100,3.844e-09,260116.5,45921.4,1467760.0,1,1
Glove,first,1,0,0,0,0,1,0.00100,3.844e-09,260116.5,45921.4,1467760.0,1,1
Grand,first,0,0,1,0,0,1,0.00100,3.844e-09,260116.5,45921.4,1467760.0,1,1
Grub,first,0,1,0,0,0,1,0.00100,3.844e-09,260116.5,45921.4,1467760.0,1,1
Guantanamera,first,0,0,0,0,1,1,0.00100,3.844e-09,260116.5,45921.4,1467760.0,1,1
Guiana,first,0,0,0,1,0,1,0.00100,3.844e-09,260116.5,45921.4,1467760.0,1,1
Guild,first,0,0,0,0,1,1,0.00100,3.844e-09,260116.5,45921.4,1467760.0,1,1
Head,first,0,0,0,1,0,1,0.00100,3.844e-09,260116.5,45921.4,1467760.0,1,1
High,first,0,1,0,0,0,1,0.00100,3.844e-09,260116.5,45921.4,1467760.0,1,1
Hippodrome,first,0,1,0,0,0,1,0.00100,3.844e-09,260116.5,45921.4,1467760.0,1,1
Hotel,first,0,0,1,0,0,1,0.00100,3.844e-09,260116.5,45921.4,1467760.0,1,1
Jehoash,first,0,0,0,0,1,1,0.00100,3.844e-09,260116.5,45921.4,1467760.0,1,1
Jools,first,0,0,0,0,1,1,0.00100,3.844e-09,260116.5,45921.4,1467760.0,1,1
Kaelith,first,1,0,0,0,0,1,0.00100,3.844e-09,260116.5,45921.4,1467760.0,1,1
Keeper,first,1,0,0,0,0,1,0.00100,3.844e-09,260116.5,45921.4,1467760.0,1,1
Khenu,first,0,1,0,0,0,1,0.00100,3.844e-09,260116.5,45921.4,1467760.0,1,1
Kowalski,first,1,0,0,0,0,1,0.00100,3.844e-09,260116.5,45921.4,1467760.0,1,1
Leontius,first,0,1,0,0,0,1,0.00100,3.844e-09,260116.5,45921.4,1467760.0,1,1
Librarian,first,0,1,0,0,0,1,0.00100,3.844e-09,260116.5,45921.4,1467760.0,1,1
Line,first,1,0,0,0,0,1,0.00100,3.844e-09,260116.5,45921.4,1467760.0,1,1
Lines,first,1,0,0,0,0,1,0.00100,3.844e-09,260116.5,45921.4,1467760.0,1,1
Magister,first,1,0,0,0,0,1,0.00100,3.844e-09,260116.5,45921.4,1467760.0,1,1
Magistra,first,1,0,0,0,0,1,0.00100,3.844e-09,260116.5,45921.4,1467760.0,1,1
Manchester,first,0,1,0,0,0,1,0.00100,3.844e-09,260116.5,45921.4,1467760.0,1,1
Millcross,first,0,1,0,0,0,1,0.00100,3.844e-09,260116.5,45921.4,1467760.0,1,1
Missoula,first,0,0,0,0,1,1,0.00100,3.844e-09,260116.5,45921.4,1467760.0,1,1
Monsieur,first,0,0,0,0,1,1,0.00100,3.844e-09,260116.5,45921.4,1467760.0,1,1
Morgath,first,1,0,0,0,0,1,0.00100,3.844e-09,260116.5,45921.4,1467760.0,1,1
Moth,first,1,0,0,0,0,1,0.00100,3.844e-09,260116.5,45921.4,1467760.0,1,1
Muskett,first,0,0,0,0,1,1,0.00100,3.844e-09,260116.5,45921.4,1467760.0,1,1
Nethermere,first,1,0,0,0,0,1,0.00100,3.844e-09,260116.5,45921.4,1467760.0,1,1
Oakwood,first,0,0,0,1,0,1,0.00100,3.844e-09,260116.5,45921.4,1467760.0,1,1
Ordnance,first,0,1,0,0,0,1,0.00100,3.844e-09,260116.5,45921.4,1467760.0,1,1
Orix,first,1,0,0,0,0,1,0.00100,3.844e-09,260116.5,45921.4,1467760.0,1,1
Peckham,first,1,0,0,0,0,1,0.00100,3.844e-09,260116.5,45921.4,1467760.0,1,1
Peugeot,first,0,0,0,0,1,1,0.00100,3.844e-09,260116.5,45921.4,1467760.0,1,1
Radiomage,first,0,0,1,0,0,1,0.00100,3.844e-09,260116.5,45921.4,1467760.0,1,1
Riffs,first,0,0,0,0,1,1,0.00100,3.844e-09,260116.5,45921.4,1467760.0,1,1
Riverside,first,1,0,0,0,0,1,0.00100,3.844e-09,260116.5,45921.4,1467760.0,1,1
Rydal,first,0,0,0,0,1,1,0.00100,3.844e-09,260116.5,45921.4,1467760.0,1,1
Shattered,first,1,0,0,0,0,1,0.00100,3.844e-09,260116.5,45921.4,1467760.0,1,1
Static,first,1,0,0,0,0,1,0.00100,3.844e-09,260116.5,45921.4,1467760.0,1,1
Style,first,0,0,0,0,1,1,0.00100,3.844e-09,260116.5,45921.4,1467760.0,1,1
Ten,first,1,0,0,0,0,1,0.00100,3.844e-09,260116.5,45921.4,1467760.0,1,1
Tesco,first,1,0,0,0,0,1,0.00100,3.844e-09,260116.5,45921.4,1467760.0,1,1
Thaldric,first,1,0,0,0,0,1,0.00100,3.844e-09,260116.5,45921.4,1467760.0,1,1
Thalorin,first,1,0,0,0,0,1,0.00100,3.844e-09,260116.5,45921.4,1467760.0,1,1
Thames,first,0,1,0,0,0,1,0.00100,3.844e-09,260116.5,45921.4,1467760.0,1,1
Thresk,first,1,0,0,0,0,1,0.00100,3.844e-09,260116.5,45921.4,1467760.0,1,1
Volkov,first,1,0,0,0,0,1,0.00100,3.844e-09,260116.5,45921.4,1467760.0,1,1
Wandles,first,0,0,0,0,1,1,0.00100,3.844e-09,260116.5,45921.4,1467760.0,1,1
Welsh,first,0,0,0,1,0,1,0.00100,3.844e-09,260116.5,45921.4,1467760.0,1,1
Whisperwood,first,0,0,1,0,0,1,0.00100,3.844e-09,260116.5,45921.4,1467760.0,1,1
Wnyc,first,0,0,0,1,0,1,0.00100,3.844e-09,260116.5,45921.4,1467760.0,1,1
Wold,first,0,0,0,0,1,1,0.00100,3.844e-09,260116.5,45921.4,1467760.0,1,1
Shed,first,2,0,0,0,0,2,0.00200,2.307e-08,86705.5,23784.7,314869.2,1,1
Midnight,first,2,0,0,0,0,2,0.00200,3.460e-08,57803.7,15856.5,209912.8,1,1
Elara,first,3,38,92,8,12,153,0.15300,3.137e-06,48771.8,42083.7,56306.6,5,0
Rosh,first,1,0,0,0,0,1,0.00100,2.307e-08,43352.7,7653.6,244626.7,1,1
Cape,first,0,0,0,0,1,1,0.00100,2.691e-08,37159.5,6560.2,209680.0,1,1
Maelis,first,1,0,0,0,0,1,0.00100,2.691e-08,37159.5,6560.2,209680.0,1,1
Aji,first,0,0,0,0,1,1,0.00100,3.076e-08,32514.6,5740.2,183470.0,1,1
Night,first,1,0,0,0,0,1,0.00100,3.460e-08,28901.8,5102.4,163084.4,1,1
Ferry,first,2,0,0,0,0,2,0.00200,1.038e-07,19267.9,5285.5,69970.9,1,1
Elios,first,0,1,0,0,0,1,0.00100,5.767e-08,17341.1,3061.4,97850.7,1,1
Leica,first,0,0,1,0,0,1,0.00100,5.767e-08,17341.1,3061.4,97850.7,1,1
Dren,first,1,0,0,0,0,1,0.00100,6.151e-08,16257.3,2870.1,91735.0,1,1
Driver,first,1,0,0,0,0,1,0.00100,6.151e-08,16257.3,2870.1,91735.0,1,1
Surrey,first,0,0,0,0,1,1,0.00100,6.151e-08,16257.3,2870.1,91735.0,1,1
Void,first,0,0,1,0,0,1,0.00100,6.536e-08,15301.0,2701.3,86338.8,1,1
Twilight,first,1,0,0,0,0,1,0.00100,7.304e-08,13690.3,2416.9,77250.5,1,1
Oracle,first,1,0,0,0,0,1,0.00100,8.073e-08,12386.5,2186.7,69893.3,1,1
Eira,first,0,0,0,12,3,15,0.01500,1.830e-06,8196.9,4978.8,13443.6,2,0
Kaelen,first,0,26,4,0,0,30,0.03000,3.906e-06,7680.6,5400.4,10881.8,2,0
Selenna,first,1,0,0,0,0,1,0.00100,1.422e-07,7030.2,1241.1,39669.2,1,1
Finch,first,0,3,0,0,0,3,0.00300,4.344e-07,6905.7,2349.7,20218.1,1,1
Lieutenant,first,1,0,0,0,0,1,0.00100,1.461e-07,6845.2,1208.5,38625.3,1,1
Sistine,first,1,0,0,0,0,1,0.00100,1.461e-07,6845.2,1208.5,38625.3,1,1
Chen,first,6,0,0,0,0,6,0.00600,9.265e-07,6475.9,2971.0,14061.8,1,1
Desai,first,0,0,0,1,0,1,0.00100,1.730e-07,5780.4,1020.5,32616.9,1,1
Thorne,first,0,0,0,2,6,8,0.00800,1.561e-06,5125.4,2600.6,10062.9,2,1
Miren,first,1,0,0,0,0,1,0.00100,1.961e-07,5100.3,900.4,28779.6,1,1
Okoye,first,1,0,0,0,0,1,0.00100,1.999e-07,5002.2,883.1,28226.2,1,1
Light,first,1,0,0,1,0,2,0.00200,4.114e-07,4862.0,1333.7,17656.2,2,1
Lotte,first,0,1,0,0,0,1,0.00100,2.076e-07,4817.0,850.4,27180.7,1,1
Seattle,first,1,0,0,0,1,2,0.00200,4.498e-07,4446.4,1219.7,16147.1,2,1
Jenkins,first,0,0,0,1,0,1,0.00100,2.614e-07,3825.2,675.3,21584.7,1,1
Wellesley,surname,0,0,0,2,0,2,0.00200,5.489e-07,3643.7,999.5,13232.1,1,1
Key,first,2,0,0,0,0,2,0.00200,5.651e-07,3539.0,970.8,12851.8,1,1
El,first,0,2,0,0,0,2,0.00200,5.728e-07,3491.5,957.8,12679.3,1,1
Vash,surname,0,0,0,0,2,2,0.00200,6.099e-07,3279.3,899.6,11908.9,1,1
Morning,first,0,1,1,0,0,2,0.00200,6.343e-07,3152.9,864.9,11449.8,2,1
Mirelle,first,2,0,0,0,0,2,0.00200,6.382e-07,3133.9,859.7,11380.8,1,1
Island,first,1,1,1,1,1,5,0.00500,1.622e-06,3081.9,1317.5,7181.6,5,1
Pesco,surname,0,0,0,0,1,1,0.00100,3.625e-07,2758.3,487.0,15564.4,1,1
Savoy,first,1,0,0,1,0,2,0.00200,7.266e-07,2752.6,755.1,9995.8,2,1
Ai,first,3,0,1,0,0,4,0.00400,1.507e-06,2654.2,1032.9,6794.7,2,1
Vonn,surname,0,0,0,0,1,1,0.00100,3.930e-07,2544.3,449.2,14356.9,1,1
Daily,first,0,0,2,0,0,2,0.00200,7.881e-07,2537.7,696.1,9215.7,1,1
Amun,first,0,1,0,0,0,1,0.00100,3.960e-07,2525.4,445.8,14250.1,1,1
Red,first,0,0,0,1,0,1,0.00100,3.998e-07,2501.1,441.6,14113.1,1,1
Vinitsky,surname,0,0,0,0,1,1,0.00100,4.371e-07,2287.9,403.9,12910.0,1,1
Hawk,first,0,0,0,3,4,7,0.00700,3.087e-06,2267.5,1099.7,4657.6,2,1
Fothergill,surname,0,0,0,5,1,6,0.00600,2.694e-06,2227.5,1021.9,4836.7,2,1
Free,first,1,0,0,0,0,1,0.00100,4.575e-07,2185.9,385.9,12334.1,1,1
Wing,first,0,0,0,0,1,1,0.00100,4.613e-07,2167.6,382.7,12231.3,1,1
Kestrel,first,2,0,0,0,0,2,0.00200,9.803e-07,2040.1,559.6,7408.7,1,1
Dragon,first,0,0,1,0,0,1,0.00100,5.075e-07,1970.6,347.9,11119.4,1,1
Fallow,surname,0,0,1,0,0,1,0.00100,5.286e-07,1891.9,334.0,10675.6,1,1
Hemlock,surname,0,1,0,0,0,1,0.00100,5.421e-07,1844.6,325.7,10408.7,1,1
British,first,1,0,0,1,0,2,0.00200,1.146e-06,1745.7,478.9,6339.6,2,1
Kael,first,7,5,4,4,2,22,0.02200,1.326e-05,1659.7,1099.4,2496.0,5,0
Kepler,first,1,1,0,0,0,2,0.00200,1.215e-06,1646.3,451.6,5978.5,2,1
Theron,surname,0,1,0,0,0,1,0.00100,6.167e-07,1621.7,286.3,9150.5,1,1
Harding,first,0,0,1,0,0,1,0.00100,6.266e-07,1595.8,281.7,9004.7,1,1
Meridian,first,2,0,0,0,0,2,0.00200,1.330e-06,1503.6,412.5,5460.2,1,1
Oak,first,0,0,0,2,0,2,0.00200,1.330e-06,1503.6,412.5,5460.2,1,1
Lyra,first,0,4,3,9,10,26,0.02600,1.806e-05,1439.9,986.0,2094.7,4,0
Kovak,surname,1,0,0,0,0,1,0.00100,6.980e-07,1432.7,252.9,8084.4,1,1
Harrington,first,0,0,0,1,0,1,0.00100,6.997e-07,1429.2,252.3,8064.6,1,1
Portland,first,0,0,0,0,1,1,0.00100,7.381e-07,1354.8,239.2,7644.6,1,1
Edwards,first,0,0,0,0,1,1,0.00100,7.650e-07,1307.1,230.8,7375.7,1,1
Liam,surname,0,0,0,1,0,1,0.00100,7.691e-07,1300.2,229.5,7336.5,1,1
Bran,first,0,0,1,0,0,1,0.00100,7.727e-07,1294.1,228.5,7302.3,1,1
Magenta,first,0,0,0,1,0,1,0.00100,8.304e-07,1204.2,212.6,6795.2,1,1
Man,first,0,1,0,0,0,1,0.00100,8.573e-07,1166.4,205.9,6581.9,1,1
Woods,first,0,0,0,1,0,1,0.00100,8.650e-07,1156.1,204.1,6523.4,1,1
Papa,first,0,0,1,0,0,1,0.00100,8.919e-07,1121.2,197.9,6326.6,1,1
Quill,first,0,0,1,0,0,1,0.00100,8.919e-07,1121.2,197.9,6326.6,1,1
French,first,1,0,0,0,0,1,0.00100,9.034e-07,1106.9,195.4,6245.8,1,1
Tacoma,first,0,0,0,0,1,1,0.00100,9.111e-07,1097.5,193.8,6193.1,1,1
Chapel,first,1,0,0,0,0,1,0.00100,9.265e-07,1079.3,190.5,6090.3,1,1
Petrova,surname,0,1,1,0,0,2,0.00200,1.860e-06,1075.2,294.9,3904.6,2,1
Vash,first,0,0,0,0,1,1,0.00100,9.457e-07,1057.4,186.7,5966.5,1,1
Lira,first,0,1,0,0,0,1,0.00100,9.573e-07,1044.6,184.4,5894.6,1,1
Bus,surname,1,0,0,0,0,1,0.00100,9.758e-07,1024.8,180.9,5782.6,1,1
Castle,first,0,0,0,0,1,1,0.00100,1.019e-06,981.6,173.3,5538.7,1,1
Dakota,surname,0,0,0,0,1,1,0.00100,1.040e-06,961.4,169.7,5424.7,1,1
Song,first,1,0,0,0,0,1,0.00100,1.050e-06,952.8,168.2,5376.4,1,1
Mairi,first,0,0,1,0,0,1,0.00100,1.073e-06,932.3,164.6,5260.8,1,1
Creek,first,0,1,0,0,0,1,0.00100,1.076e-06,929.0,164.0,5242.0,1,1
Dekker,first,1,0,0,0,0,1,0.00100,1.107e-06,903.2,159.4,5096.4,1,1
Court,first,1,0,0,0,0,1,0.00100,1.119e-06,893.9,157.8,5043.8,1,1
Petrovski,surname,0,1,0,0,0,1,0.00100,1.213e-06,824.4,145.5,4651.9,1,1
Water,surname,0,1,0,0,0,1,0.00100,1.233e-06,810.8,143.1,4575.3,1,1
Park,first,0,0,1,0,1,2,0.00200,2.491e-06,802.8,220.2,2915.5,2,1
Auguste,first,0,0,0,1,0,1,0.00100,1.249e-06,800.4,141.3,4516.2,1,1
Merit,first,0,1,0,0,0,1,0.00100,1.249e-06,800.4,141.3,4516.2,1,1
Arin,first,0,0,0,11,2,13,0.01300,1.668e-05,779.5,456.5,1326.0,2,0
Pimm,surname,0,1,0,0,0,1,0.00100,1.304e-06,766.6,135.3,4325.7,1,1
Aris,first,0,10,0,0,0,10,0.01000,1.325e-05,754.6,410.6,1381.7,1,0
Hawkins,first,0,0,0,1,1,2,0.00200,2.657e-06,752.9,206.5,2734.0,2,1
Barnaby,first,0,0,1,0,0,1,0.00100,1.353e-06,739.0,130.5,4169.8,1,1
Embree,first,0,0,0,0,1,1,0.00100,1.353e-06,739.0,130.5,4169.8,1,1
Yuki,first,4,0,0,0,0,4,0.00400,5.471e-06,731.2,284.5,1871.8,1,1
Jen,first,0,0,0,0,1,1,0.00100,1.376e-06,726.6,128.3,4099.9,1,1
Gates,first,1,0,0,0,0,1,0.00100,1.396e-06,716.6,126.5,4043.4,1,1
Matthews,first,0,0,0,2,1,3,0.00300,4.279e-06,701.1,238.6,2052.7,2,1
Tamsin,first,0,0,0,0,1,1,0.00100,1.426e-06,701.1,123.8,3956.2,1,1
Whisper,first,1,0,1,0,0,2,0.00200,2.868e-06,697.4,191.3,2532.5,2,1
Liese,surname,0,0,0,0,1,1,0.00100,1.443e-06,692.8,122.3,3909.4,1,1
Kallis,surname,0,0,0,0,1,1,0.00100,1.481e-06,675.4,119.2,3811.0,1,1
Danish,first,0,0,1,0,0,1,0.00100,1.492e-06,670.4,118.4,3782.9,1,1
Aphrodite,first,0,0,1,0,0,1,0.00100,1.530e-06,653.6,115.4,3687.8,1,1
Silver,first,0,0,0,1,3,4,0.00400,6.178e-06,647.5,252.0,1657.4,2,1
Brick,first,0,0,0,1,0,1,0.00100,1.611e-06,620.8,109.6,3503.0,1,1
Maple,first,1,1,0,0,1,3,0.00300,4.925e-06,609.2,207.3,1783.5,3,1
Rune,first,0,0,1,0,0,1,0.00100,1.665e-06,600.7,106.1,3389.7,1,1
Blackwood,surname,0,0,0,11,6,17,0.01700,2.849e-05,596.7,373.5,949.7,2,0
Tullius,surname,1,0,0,0,0,1,0.00100,1.677e-06,596.2,105.3,3364.4,1,1
Jaxin,first,0,0,2,0,0,2,0.00200,3.387e-06,590.5,162.0,2144.4,1,1
Kaelin,first,0,0,0,2,6,8,0.00800,1.378e-05,580.6,294.6,1139.9,2,1
Okonkwo,surname,2,0,0,0,0,2,0.00200,3.666e-06,545.5,149.7,1981.1,1,1
Pier,first,0,0,0,0,1,1,0.00100,1.841e-06,543.0,95.9,3064.2,1,1
Rodriguez,first,1,0,0,0,1,2,0.00200,3.683e-06,543.0,149.0,1972.0,2,1
Dev,first,5,0,0,0,0,5,0.00500,9.823e-06,509.0,217.6,1186.2,1,1
Cross,first,2,0,0,0,0,2,0.00200,3.994e-06,500.7,137.4,1818.3,1,1
Fancy,first,0,0,1,0,0,1,0.00100,1.999e-06,500.2,88.3,2822.6,1,1
Arcadia,first,0,1,0,0,0,1,0.00100,2.007e-06,498.3,88.0,2811.8,1,1
Grime,surname,0,1,0,0,0,1,0.00100,2.080e-06,480.7,84.9,2712.4,1,1
Markoff,surname,0,0,0,0,1,1,0.00100,2.118e-06,472.2,83.4,2664.6,1,1
Thompson,first,0,0,0,1,2,3,0.00300,6.416e-06,467.6,159.1,1368.9,2,1
Windsor,surname,0,0,0,4,8,12,0.01200,2.582e-05,464.7,266.3,807.6,2,0
Lysander,first,0,0,1,0,0,1,0.00100,2.153e-06,464.5,82.0,2621.0,1,1
Rider,first,0,0,1,0,1,2,0.00200,4.394e-06,455.1,124.9,1652.9,2,1
Kato,first,1,0,0,0,0,1,0.00100,2.257e-06,443.1,78.2,2500.4,1,1
Alys,first,0,0,0,0,1,1,0.00100,2.295e-06,435.7,76.9,2458.6,1,1
Odyssey,first,0,1,0,0,0,1,0.00100,2.318e-06,431.4,76.2,2434.1,1,1
Markov,surname,0,1,0,0,0,1,0.00100,2.355e-06,424.7,75.0,2396.3,1,1
Knight,first,0,0,0,0,1,1,0.00100,2.403e-06,416.2,73.5,2348.4,1,1
Shalimar,first,1,0,0,0,0,1,0.00100,2.480e-06,403.3,71.2,2275.6,1,1
Albany,first,0,0,0,1,0,1,0.00100,2.607e-06,383.7,67.7,2164.8,1,1
Vega,first,0,0,0,1,0,1,0.00100,2.610e-06,383.1,67.6,2161.6,1,1
San,first,0,0,1,0,2,3,0.00300,8.008e-06,374.6,127.5,1096.8,2,1
Katarzyna,first,1,0,0,0,0,1,0.00100,2.699e-06,370.5,65.4,2090.8,1,1
Langley,first,0,0,0,1,0,1,0.00100,2.706e-06,369.5,65.2,2084.9,1,1
Volkov,surname,1,0,0,0,0,1,0.00100,2.731e-06,366.2,64.6,2066.2,1,1
Mars,first,0,0,0,0,1,1,0.00100,2.753e-06,363.3,64.1,2049.9,1,1
Mira,first,13,1,1,0,0,15,0.01500,4.129e-05,363.3,220.6,595.8,3,0
Emilia,first,0,0,0,37,20,57,0.05700,1.581e-04,360.6,279.9,462.6,2,0
Piotr,first,1,0,0,0,0,1,0.00100,2.803e-06,356.8,63.0,2013.4,1,1
Wynter,surname,0,0,0,1,1,2,0.00200,5.709e-06,350.3,96.1,1272.2,2,1
Harbor,first,0,0,0,0,1,1,0.00100,3.022e-06,330.9,58.4,1867.4,1,1
Devi,first,1,0,0,0,0,1,0.00100,3.045e-06,328.4,58.0,1853.2,1,1
Elowen,first,1,0,0,0,0,1,0.00100,3.137e-06,318.8,56.3,1798.7,1,1
Svetlana,first,1,0,0,0,0,1,0.00100,3.149e-06,317.6,56.1,1792.1,1,1
Sparrow,first,0,1,0,0,0,1,0.00100,3.229e-06,309.7,54.7,1747.3,1,1
Bergen,first,0,0,0,0,1,1,0.00100,3.241e-06,308.6,54.5,1741.1,1,1
Morrigan,first,1,0,0,0,0,1,0.00100,3.360e-06,297.6,52.5,1679.4,1,1
Roosevelt,surname,1,0,0,0,0,1,0.00100,3.402e-06,294.0,51.9,1658.8,1,1
Petrov,surname,0,1,0,0,1,2,0.00200,7.217e-06,277.1,76.0,1006.4,2,1
Metro,surname,1,0,0,0,0,1,0.00100,3.646e-06,274.3,48.4,1547.8,1,1
Okoye,surname,1,0,0,0,0,1,0.00100,3.785e-06,264.2,46.6,1491.0,1,1
Shadow,first,1,0,0,0,0,1,0.00100,3.814e-06,262.2,46.3,1479.6,1,1
Yara,first,5,0,0,0,0,5,0.00500,1.908e-05,262.1,112.1,610.8,1,1
Priya,first,6,0,0,0,0,6,0.00600,2.301e-05,260.8,119.6,566.2,1,1
Marigold,first,1,0,0,0,0,1,0.00100,3.906e-06,256.0,45.2,1444.6,1,1
Lena,first,0,17,2,10,12,41,0.04100,1.630e-04,251.6,186.3,338.4,4,0
Blue,first,0,0,0,0,1,1,0.00100,3.994e-06,250.4,44.2,1412.7,1,1
Early,first,0,0,0,0,1,1,0.00100,3.998e-06,250.1,44.2,1411.3,1,1
Alastair,first,0,0,0,0,1,1,0.00100,4.021e-06,248.7,43.9,1403.2,1,1
Andromeda,first,1,0,0,0,0,1,0.00100,4.079e-06,245.2,43.3,1383.4,1,1
Fawley,surname,0,0,0,0,1,1,0.00100,4.079e-06,245.1,43.3,1383.2,1,1
Dmitri,first,2,0,0,0,0,2,0.00200,8.162e-06,245.0,67.2,889.9,1,1
Mayfield,surname,0,0,0,18,6,24,0.02400,1.010e-04,237.6,160.2,351.2,2,0
Thorne,surname,1,10,3,0,1,15,0.01500,6.349e-05,236.3,143.5,387.5,4,0
Michelangelo,first,1,0,0,0,0,1,0.00100,4.283e-06,233.5,41.2,1317.6,1,1
Martinez,first,1,0,0,0,0,1,0.00100,4.379e-06,228.4,40.3,1288.6,1,1
Season,first,1,0,0,0,0,1,0.00100,4.498e-06,222.3,39.2,1254.5,1,1
Ames,first,0,0,1,0,0,1,0.00100,4.506e-06,221.9,39.2,1252.4,1,1
Wellington,surname,0,0,0,2,3,5,0.00500,2.299e-05,217.5,93.0,506.8,2,1
Kenrick,first,1,0,0,0,0,1,0.00100,4.671e-06,214.1,37.8,1208.0,1,1
Leo,first,0,60,25,0,0,85,0.08500,4.004e-04,212.3,173.0,259.6,2,0
Welles,surname,0,0,0,0,1,1,0.00100,4.760e-06,210.1,37.1,1185.3,1,1
Verity,first,0,0,1,0,0,1,0.00100,4.836e-06,206.8,36.5,1166.7,1,1
Elder,first,0,0,1,0,0,1,0.00100,4.875e-06,205.1,36.2,1157.5,1,1
Mayweather,surname,0,0,0,1,0,1,0.00100,4.899e-06,204.1,36.0,1151.7,1,1
Bram,first,0,0,0,0,1,1,0.00100,5.075e-06,197.1,34.8,1111.9,1,1
Giancola,surname,0,0,0,0,1,1,0.00100,5.099e-06,196.1,34.6,1106.6,1,1
Bottomley,surname,0,0,0,1,0,1,0.00100,5.130e-06,194.9,34.4,1100.0,1,1
Finnley,first,0,0,0,2,2,4,0.00400,2.056e-05,194.6,75.7,498.1,2,1
Clair,surname,0,0,0,1,2,3,0.00300,1.549e-05,193.7,65.9,567.0,2,1
Irish,first,0,0,0,1,0,1,0.00100,5.213e-06,191.8,33.9,1082.4,1,1
Imperial,surname,0,0,1,0,0,1,0.00100,5.343e-06,187.2,33.0,1056.1,1,1
Grey,surname,0,0,0,6,2,8,0.00800,4.297e-05,186.2,94.5,365.6,2,1
Margot,first,9,0,0,0,0,9,0.00900,4.845e-05,185.8,97.9,351.2,1,1
Alistair,first,0,2,0,0,0,2,0.00200,1.079e-05,185.3,50.8,673.0,1,1
Seven,first,2,0,0,0,0,2,0.00200,1.110e-05,180.2,49.4,654.4,1,1
Eduard,first,1,0,0,0,0,1,0.00100,5.582e-06,179.1,31.6,1010.9,1,1
Channel,first,0,1,0,0,0,1,0.00100,5.767e-06,173.4,30.6,978.5,1,1
Temple,first,0,1,0,0,0,1,0.00100,5.897e-06,169.6,29.9,956.8,1,1
Jarek,first,0,0,1,0,0,1,0.00100,5.967e-06,167.6,29.6,945.7,1,1
Lennox,surname,0,1,0,0,1,2,0.00200,1.217e-05,164.3,45.1,596.8,2,1
Celene,first,1,0,0,0,0,1,0.00100,6.090e-06,164.2,29.0,926.6,1,1
Finn,first,0,3,12,1,0,16,0.01600,9.835e-05,162.7,100.4,262.7,3,0
Jax,first,0,0,9,1,2,12,0.01200,7.403e-05,162.1,92.9,281.7,3,0
Ash,first,1,0,0,0,0,1,0.00100,6.266e-06,159.6,28.2,900.5,1,1
Blossom,surname,0,0,0,0,1,1,0.00100,6.278e-06,159.3,28.1,898.8,1,1
Aoife,first,0,0,1,0,0,1,0.00100,6.512e-06,153.6,27.1,866.4,1,1
Gareth,first,0,0,2,0,0,2,0.00200,1.347e-05,148.5,40.7,539.2,1,1
Cassia,first,1,0,0,0,0,1,0.00100,6.939e-06,144.1,25.4,813.2,1,1
Tam,first,1,0,0,0,0,1,0.00100,6.958e-06,143.7,25.4,810.9,1,1
Maya,first,19,17,8,10,3,57,0.05700,3.969e-04,143.6,111.5,184.3,5,0
Chen,surname,64,0,0,7,9,80,0.08000,5.746e-04,139.2,112.7,171.4,3,0
Mara,first,9,2,0,0,0,11,0.01100,7.991e-05,137.6,77.0,245.1,2,0
Henri,first,2,0,0,0,0,2,0.00200,1.457e-05,137.3,37.7,498.5,1,1
Zen,first,1,0,0,0,0,1,0.00100,7.535e-06,132.7,23.4,748.9,1,1
Christ,first,0,0,1,0,0,1,0.00100,7.581e-06,131.9,23.3,744.3,1,1
Neo,first,0,0,1,0,0,1,0.00100,7.597e-06,131.6,23.2,742.8,1,1
Berlin,first,1,0,0,0,0,1,0.00100,7.650e-06,130.7,23.1,737.6,1,1
Pasternak,surname,0,1,0,0,0,1,0.00100,7.895e-06,126.7,22.4,714.8,1,1
Hartwell,surname,3,0,0,0,0,3,0.00300,2.383e-05,125.9,42.8,368.6,1,1
Clara,first,2,30,4,0,0,36,0.03600,2.868e-04,125.5,91.1,172.4,3,0
LaFleur,surname,0,0,0,3,1,4,0.00400,3.195e-05,125.2,48.7,320.5,2,1
Brighton,first,1,1,0,0,0,2,0.00200,1.626e-05,123.0,33.7,446.6,2,1
Titan,first,0,1,0,0,1,2,0.00200,1.634e-05,122.4,33.6,444.4,2,1
Gable,surname,0,2,2,0,0,4,0.00400,3.314e-05,120.7,47.0,309.0,2,1
Petrovich,surname,0,1,0,0,0,1,0.00100,8.423e-06,118.7,21.0,669.9,1,1
Sylvie,first,0,1,1,0,0,2,0.00200,1.701e-05,117.6,32.3,427.0,2,1
Sal,first,0,0,0,0,1,1,0.00100,8.565e-06,116.7,20.6,658.8,1,1
Weatherby,surname,1,0,0,0,0,1,0.00100,8.586e-06,116.5,20.6,657.2,1,1
Pryce,surname,0,1,0,0,0,1,0.00100,8.769e-06,114.0,20.1,643.5,1,1
Raleigh,first,1,1,0,1,0,3,0.00300,2.634e-05,113.9,38.8,333.5,3,1
Odette,first,0,0,0,1,0,1,0.00100,8.785e-06,113.8,20.1,642.3,1,1
Vienna,first,1,0,0,0,1,2,0.00200,1.773e-05,112.8,30.9,409.5,2,1
Erikson,surname,0,0,0,0,1,1,0.00100,8.931e-06,112.0,19.8,631.8,1,1
Marlow,first,1,0,0,0,0,1,0.00100,9.330e-06,107.2,18.9,604.8,1,1
Anya,first,0,3,4,0,0,7,0.00700,6.537e-05,107.1,51.9,219.9,2,1
Kovac,surname,1,0,0,0,0,1,0.00100,9.473e-06,105.6,18.6,595.6,1,1
Jaxen,first,0,0,2,0,0,2,0.00200,1.898e-05,105.4,28.9,382.6,1,1
Matt,first,0,0,0,2,6,8,0.00800,7.637e-05,104.8,53.2,205.7,2,1
Pemberton,surname,3,1,0,0,0,4,0.00400,3.820e-05,104.7,40.8,268.1,2,1
Gus,first,0,0,0,3,0,3,0.00300,2.941e-05,102.0,34.7,298.6,1,1
Flynn,first,0,0,0,0,2,2,0.00200,1.982e-05,100.9,27.7,366.5,1,1
Grey,first,0,0,0,1,1,2,0.00200,1.988e-05,100.6,27.6,365.3,2,1
Lake,first,0,0,0,0,1,1,0.00100,1.023e-05,97.8,17.3,551.6,1,1
Zara,first,2,0,1,0,2,5,0.00500,5.232e-05,95.6,40.9,222.7,3,1
Len,first,0,0,1,0,0,1,0.00100,1.093e-05,91.5,16.2,516.5,1,1
Kaine,first,1,0,0,0,0,1,0.00100,1.097e-05,91.1,16.1,514.3,1,1
Viktor,first,0,0,0,0,1,1,0.00100,1.102e-05,90.8,16.0,512.1,1,1
Ellyn,first,1,0,0,0,0,1,0.00100,1.106e-05,90.4,16.0,510.0,1,1
Patel,surname,2,0,0,39,29,70,0.07000,7.792e-04,89.8,71.6,112.3,3,0
Ravi,first,0,1,0,0,0,1,0.00100,1.133e-05,88.2,15.6,497.9,1,1
Fox,first,0,0,0,0,1,1,0.00100,1.136e-05,88.0,15.5,496.7,1,1
Honey,first,0,0,0,0,1,1,0.00100,1.148e-05,87.1,15.4,491.4,1,1
Boston,first,0,0,0,1,2,3,0.00300,3.468e-05,86.5,29.4,253.3,2,1
Dupont,surname,0,0,0,2,1,3,0.00300,3.503e-05,85.6,29.1,250.7,2,1
Shepherd,first,1,0,0,0,0,1,0.00100,1.170e-05,85.5,15.1,482.3,1,1
Marcus,first,65,1,3,2,1,72,0.07200,8.598e-04,83.7,66.9,104.3,5,0
Maynard,first,0,0,0,1,0,1,0.00100,1.228e-05,81.5,14.4,459.7,1,1
Baker,first,0,0,0,1,0,1,0.00100,1.232e-05,81.2,14.3,458.0,1,1
Jasper,first,0,0,2,6,3,11,0.01100,1.369e-04,80.3,44.9,143.1,3,0
Elias,first,0,16,10,0,0,26,0.02600,3.314e-04,78.5,53.7,114.1,2,0
Murdoch,surname,0,0,0,0,1,1,0.00100,1.284e-05,77.9,13.7,439.3,1,1
Kapoor,surname,1,0,0,0,0,1,0.00100,1.286e-05,77.8,13.7,438.8,1,1
Tanaka,surname,2,0,0,0,0,2,0.00200,2.709e-05,73.8,20.3,268.1,1,1
Rain,first,1,0,0,0,0,1,0.00100,1.356e-05,73.8,13.0,416.1,1,1
Rhys,first,0,1,2,0,0,3,0.00300,4.139e-05,72.5,24.7,212.2,2,1
Rousseau,surname,1,0,0,1,0,2,0.00200,2.802e-05,71.4,19.6,259.2,2,1
Napoleon,first,0,1,0,0,0,1,0.00100,1.410e-05,70.9,12.5,400.3,1,1
Sapphire,first,1,0,0,0,0,1,0.00100,1.446e-05,69.1,12.2,390.2,1,1
Croft,surname,0,3,0,0,0,3,0.00300,4.421e-05,67.9,23.1,198.7,1,1
Finch,surname,0,6,1,0,0,7,0.00700,1.043e-04,67.1,32.6,137.9,2,1
Yamada,surname,0,0,0,0,1,1,0.00100,1.514e-05,66.1,11.7,372.7,1,1
Arthur,first,0,39,6,0,0,45,0.04500,6.930e-04,64.9,48.8,86.1,2,0
Theron,first,0,1,1,0,0,2,0.00200,3.091e-05,64.7,17.7,235.0,2,1
Liam,first,0,26,25,8,4,63,0.06300,9.743e-04,64.7,50.9,81.9,4,0
Gray,first,0,0,0,0,1,1,0.00100,1.567e-05,63.8,11.3,360.2,1,1
Ben,first,2,5,2,0,0,9,0.00900,1.436e-04,62.7,33.0,118.5,3,1
Silas,surname,0,0,1,0,0,1,0.00100,1.603e-05,62.4,11.0,352.1,1,1
Vance,surname,0,7,3,0,0,10,0.01000,1.603e-04,62.4,33.9,114.2,2,0
Eleanor,first,1,5,14,0,0,20,0.02000,3.269e-04,61.2,39.7,93.9,3,0
Beaumont,surname,0,0,0,0,1,1,0.00100,1.653e-05,60.5,10.7,341.3,1,1
Elena,first,14,1,1,0,2,18,0.01800,2.988e-04,60.2,38.2,94.6,4,0
Agnes,first,0,1,1,1,0,3,0.00300,5.018e-05,59.8,20.3,175.0,3,1
Emmeline,first,0,0,0,1,0,1,0.00100,1.723e-05,58.0,10.2,327.6,1,1
Maynard,surname,0,0,0,5,2,7,0.00700,1.235e-04,56.7,27.5,116.4,2,1
Abernathy,surname,0,2,0,0,1,3,0.00300,5.574e-05,53.8,18.3,157.6,2,1
Pilar,first,0,0,0,0,1,1,0.00100,1.890e-05,52.9,9.3,298.6,1,1
Theodora,first,1,0,0,0,0,1,0.00100,1.913e-05,52.3,9.2,295.0,1,1
Liv,first,0,0,0,0,1,1,0.00100,1.944e-05,51.4,9.1,290.2,1,1
Jaren,first,0,0,0,0,1,1,0.00100,1.995e-05,50.1,8.8,282.8,1,1
Llewellyn,surname,0,0,0,0,1,1,0.00100,2.018e-05,49.6,8.7,279.6,1,1
Tanesha,first,0,0,0,0,1,1,0.00100,2.041e-05,49.0,8.7,276.5,1,1
Rachel,first,0,0,0,58,37,95,0.09500,1.958e-03,48.5,40.0,58.6,2,0
Benedict,first,1,0,0,0,0,1,0.00100,2.069e-05,48.3,8.5,272.8,1,1
Ford,first,0,0,1,0,0,1,0.00100,2.071e-05,48.3,8.5,272.4,1,1
Arlo,first,0,2,0,0,0,2,0.00200,4.166e-05,48.0,13.2,174.3,1,1
Valencia,first,0,0,1,0,1,2,0.00200,4.230e-05,47.3,13.0,171.7,2,1
Emily,first,0,0,2,81,60,143,0.14300,3.040e-03,47.0,40.4,54.6,3,0
Stone,first,0,0,1,0,0,1,0.00100,2.131e-05,46.9,8.3,264.7,1,1
Mac,first,0,0,0,0,1,1,0.00100,2.140e-05,46.7,8.2,263.7,1,1
Flynn,surname,0,0,0,6,4,10,0.01000,2.148e-04,46.6,25.3,85.2,2,0
Beatrice,first,0,1,5,0,0,6,0.00600,1.289e-04,46.5,21.4,101.1,2,1
Rigby,surname,0,0,0,0,1,1,0.00100,2.188e-05,45.7,8.1,257.8,1,1
Rusty,first,0,1,0,0,2,3,0.00300,6.768e-05,44.3,15.1,129.8,2,1
Jules,first,0,1,0,0,0,1,0.00100,2.257e-05,44.3,7.8,250.0,1,1
Orion,first,0,1,0,0,2,3,0.00300,6.800e-05,44.1,15.0,129.2,2,1
Styles,surname,0,0,0,1,0,1,0.00100,2.320e-05,43.1,7.6,243.2,1,1
Foster,first,0,0,0,0,1,1,0.00100,2.332e-05,42.9,7.6,241.9,1,1
Zack,first,0,0,0,0,1,1,0.00100,2.399e-05,41.7,7.4,235.2,1,1
Edmund,first,3,0,0,0,0,3,0.00300,7.313e-05,41.0,14.0,120.1,1,1
Ember,first,0,1,0,0,1,2,0.00200,5.133e-05,39.0,10.7,141.5,2,1
Marina,first,5,0,0,0,0,5,0.00500,1.331e-04,37.6,16.1,87.5,1,1
Blythe,surname,0,1,0,0,0,1,0.00100,2.693e-05,37.1,6.6,209.5,1,1
Wentworth,surname,0,0,0,0,1,1,0.00100,2.719e-05,36.8,6.5,207.6,1,1
Morse,surname,0,0,0,1,4,5,0.00500,1.415e-04,35.3,15.1,82.3,2,1
Franco,first,1,0,0,0,0,1,0.00100,2.877e-05,34.8,6.1,196.1,1,1
Jonas,first,0,0,2,0,1,3,0.00300,8.699e-05,34.5,11.7,101.0,2,1
Mercy,first,1,0,0,0,0,1,0.00100,2.916e-05,34.3,6.1,193.5,1,1
Silas,first,0,2,3,1,0,6,0.00600,1.783e-04,33.7,15.4,73.1,3,1
Elian,first,0,0,0,1,0,1,0.00100,3.028e-05,33.0,5.8,186.3,1,1
Corbin,surname,0,0,3,0,0,3,0.00300,9.106e-05,32.9,11.2,96.4,1,1
Jankowski,surname,0,1,0,0,0,1,0.00100,3.040e-05,32.9,5.8,185.6,1,1
Livia,first,1,0,0,0,0,1,0.00100,3.076e-05,32.5,5.7,183.4,1,1
Leif,first,0,0,1,0,0,1,0.00100,3.126e-05,32.0,5.6,180.5,1,1
Emil,first,1,0,0,0,0,1,0.00100,3.144e-05,31.8,5.6,179.5,1,1
Amira,first,1,0,0,0,1,2,0.00200,6.294e-05,31.8,8.7,115.4,2,1
Jacques,first,0,0,0,1,0,1,0.00100,3.185e-05,31.4,5.5,177.1,1,1
Ophelia,first,0,0,0,1,0,1,0.00100,3.186e-05,31.4,5.5,177.1,1,1
Gemma,first,0,1,1,0,0,2,0.00200,6.610e-05,30.3,8.3,109.9,2,1
Lupe,first,0,0,0,0,1,1,0.00100,3.349e-05,29.9,5.3,168.5,1,1
Bristol,first,0,0,0,1,0,1,0.00100,3.382e-05,29.6,5.2,166.9,1,1
Harlow,first,1,0,0,0,0,1,0.00100,3.386e-05,29.5,5.2,166.7,1,1
Samir,first,0,0,0,0,1,1,0.00100,3.409e-05,29.3,5.2,165.5,1,1
Davina,first,0,1,0,0,0,1,0.00100,3.443e-05,29.0,5.1,163.9,1,1
Astrid,first,0,0,0,1,0,1,0.00100,3.457e-05,28.9,5.1,163.2,1,1
Dax,first,1,0,0,0,0,1,0.00100,3.542e-05,28.2,5.0,159.3,1,1
Lisette,first,0,0,0,0,1,1,0.00100,3.575e-05,28.0,4.9,157.8,1,1
Webb,surname,15,0,0,0,0,15,0.01500,5.722e-04,26.2,15.9,43.0,1,0
Waters,surname,0,0,0,3,3,6,0.00600,2.302e-04,26.1,12.0,56.6,2,1
Danika,first,0,0,0,0,1,1,0.00100,3.931e-05,25.4,4.5,143.5,1,1
Jenkins,surname,0,0,1,9,9,19,0.01900,7.544e-04,25.2,16.2,39.1,3,0
Clare,first,2,0,0,0,0,2,0.00200,8.104e-05,24.7,6.8,89.6,1,1
Rohan,first,0,0,0,1,0,1,0.00100,4.091e-05,24.4,4.3,137.9,1,1
Rufus,first,0,0,0,0,1,1,0.00100,4.133e-05,24.2,4.3,136.5,1,1
Ashton,surname,0,0,0,0,1,1,0.00100,4.155e-05,24.1,4.2,135.8,1,1
Sam,first,0,3,1,0,0,4,0.00400,1.712e-04,23.4,9.1,59.8,2,1
Kate,first,0,0,0,4,2,6,0.00600,2.606e-04,23.0,10.6,50.0,2,1
River,first,0,1,0,2,0,3,0.00300,1.328e-04,22.6,7.7,66.1,2,1
Evie,first,0,0,0,0,1,1,0.00100,4.444e-05,22.5,4.0,127.0,1,1
Markham,surname,0,0,0,1,0,1,0.00100,4.451e-05,22.5,4.0,126.8,1,1
Kwon,surname,0,0,0,0,1,1,0.00100,4.485e-05,22.3,3.9,125.8,1,1
Amelia,first,0,5,10,0,0,15,0.01500,6.860e-04,21.9,13.3,35.9,2,0
Thibodeaux,surname,0,0,0,1,0,1,0.00100,4.693e-05,21.3,3.8,120.2,1,1
Wilson,first,0,0,0,2,0,2,0.00200,9.617e-05,20.8,5.7,75.5,1,1
Sharma,surname,0,1,1,0,0,2,0.00200,9.677e-05,20.7,5.7,75.1,2,1
Wakefield,surname,0,0,0,0,1,1,0.00100,4.943e-05,20.2,3.6,114.2,1,1
Lucinda,first,0,0,0,2,0,2,0.00200,9.907e-05,20.2,5.5,73.3,1,1
Felix,first,0,1,0,0,3,4,0.00400,1.984e-04,20.2,7.8,51.6,2,1
Jena,first,0,0,0,0,1,1,0.00100,4.977e-05,20.1,3.5,113.4,1,1
Griffiths,surname,1,0,0,0,0,1,0.00100,5.017e-05,19.9,3.5,112.5,1,1
Camden,first,2,0,0,1,1,4,0.00400,2.017e-04,19.8,7.7,50.8,3,1
Priest,surname,0,1,0,0,0,1,0.00100,5.054e-05,19.8,3.5,111.7,1,1
Malik,surname,1,0,0,0,0,1,0.00100,5.057e-05,19.8,3.5,111.6,1,1
Kaia,first,0,0,0,0,1,1,0.00100,5.141e-05,19.5,3.4,109.8,1,1
Jaxson,first,0,0,0,1,3,4,0.00400,2.095e-04,19.1,7.4,48.9,2,1
Nagy,surname,1,0,0,0,0,1,0.00100,5.251e-05,19.0,3.4,107.5,1,1
Anders,surname,0,1,0,0,0,1,0.00100,5.270e-05,19.0,3.3,107.1,1,1
Winter,surname,0,0,0,0,2,2,0.00200,1.061e-04,18.9,5.2,68.5,1,1
Ivory,first,1,0,0,0,0,1,0.00100,5.373e-05,18.6,3.3,105.0,1,1
Dietrich,surname,1,0,0,0,0,1,0.00100,5.389e-05,18.6,3.3,104.7,1,1
Markus,first,0,0,0,0,1,1,0.00100,5.389e-05,18.6,3.3,104.7,1,1
Amina,first,0,1,0,0,0,1,0.00100,5.524e-05,18.1,3.2,102.2,1,1
Anton,first,0,0,0,0,1,1,0.00100,5.588e-05,17.9,3.2,101.0,1,1
Lucy,first,0,0,0,0,7,7,0.00700,3.946e-04,17.7,8.6,36.4,1,1
Pendleton,surname,0,1,0,0,0,1,0.00100,5.676e-05,17.6,3.1,99.4,1,1
Isla,first,2,0,0,0,0,2,0.00200,1.138e-04,17.6,4.8,63.8,1,1
Wilson,surname,0,0,0,29,18,47,0.04700,2.717e-03,17.3,13.1,22.8,2,0
Emory,first,0,0,0,0,1,1,0.00100,5.791e-05,17.3,3.0,97.4,1,1
Bellamy,surname,1,0,0,0,0,1,0.00100,5.817e-05,17.2,3.0,97.0,1,1
Maeve,first,0,1,0,0,0,1,0.00100,5.880e-05,17.0,3.0,96.0,1,1
Jaxon,first,0,0,0,5,1,6,0.00600,3.556e-04,16.9,7.7,36.6,2,1
Sophia,first,0,0,0,11,12,23,0.02300,1.384e-03,16.6,11.1,24.8,2,0
Vogt,surname,0,1,0,0,0,1,0.00100,6.120e-05,16.3,2.9,92.2,1,1
Kowalski,surname,1,0,0,0,0,1,0.00100,6.125e-05,16.3,2.9,92.1,1,1
Elliot,first,0,0,0,2,1,3,0.00300,1.857e-04,16.2,5.5,47.3,2,1
Marguerite,first,1,0,0,0,0,1,0.00100,6.233e-05,16.0,2.8,90.5,1,1
Desai,surname,0,0,0,1,0,1,0.00100,6.315e-05,15.8,2.8,89.4,1,1
Vera,first,2,0,0,0,0,2,0.00200,1.284e-04,15.6,4.3,56.6,1,1
Miles,first,0,1,4,0,0,5,0.00500,3.213e-04,15.6,6.7,36.3,2,1
Lai,surname,1,0,0,0,0,1,0.00100,6.491e-05,15.4,2.7,86.9,1,1
Vicente,first,1,0,0,0,0,1,0.00100,6.567e-05,15.2,2.7,85.9,1,1
Milan,first,0,0,0,0,1,1,0.00100,6.579e-05,15.2,2.7,85.8,1,1
Jim,first,0,0,0,4,0,4,0.00400,2.740e-04,14.6,5.7,37.4,1,1
Grant,surname,0,0,0,4,3,7,0.00700,4.821e-04,14.5,7.0,29.8,2,1
Reilly,surname,1,0,0,0,1,2,0.00200,1.385e-04,14.4,4.0,52.4,2,1
Margo,first,0,0,1,0,0,1,0.00100,6.975e-05,14.3,2.5,80.9,1,1
Ferris,surname,0,0,0,1,0,1,0.00100,7.015e-05,14.3,2.5,80.4,1,1
Fletcher,surname,0,0,1,3,0,4,0.00400,2.814e-04,14.2,5.5,36.4,2,1
Voss,surname,1,0,0,0,0,1,0.00100,7.085e-05,14.1,2.5,79.6,1,1
Sarah,first,27,3,15,0,2,47,0.04700,3.368e-03,14.0,10.5,18.4,4,0
Kade,first,1,0,0,0,0,1,0.00100,7.240e-05,13.8,2.4,77.9,1,1
Vance,first,0,1,0,0,0,1,0.00100,7.248e-05,13.8,2.4,77.9,1,1
Winston,surname,0,0,0,0,1,1,0.00100,7.342e-05,13.6,2.4,76.9,1,1
Emilie,first,0,0,0,0,1,1,0.00100,7.382e-05,13.5,2.4,76.4,1,1
Hassan,surname,1,0,0,0,0,1,0.00100,7.387e-05,13.5,2.4,76.4,1,1
Davison,surname,0,1,0,0,0,1,0.00100,7.548e-05,13.2,2.3,74.8,1,1
Chloe,first,0,6,5,0,0,11,0.01100,8.406e-04,13.1,7.3,23.3,2,0
Dubois,surname,0,0,1,0,0,1,0.00100,7.917e-05,12.6,2.2,71.3,1,1
Driscoll,surname,0,1,0,0,0,1,0.00100,7.924e-05,12.6,2.2,71.2,1,1
Holbrook,surname,0,0,0,0,1,1,0.00100,8.079e-05,12.4,2.2,69.8,1,1
Marianne,first,2,0,0,0,0,2,0.00200,1.625e-04,12.3,3.4,44.7,1,1
Francisco,surname,0,0,1,0,0,1,0.00100,8.164e-05,12.2,2.2,69.1,1,1
Malcolm,first,0,0,0,1,1,2,0.00200,1.635e-04,12.2,3.4,44.4,2,1
Griffin,first,0,0,0,1,1,2,0.00200,1.642e-04,12.2,3.3,44.2,2,1
Colette,first,0,0,0,1,0,1,0.00100,8.215e-05,12.2,2.1,68.7,1,1
Swift,surname,0,0,0,0,1,1,0.00100,8.216e-05,12.2,2.1,68.7,1,1
Max,first,0,0,0,4,1,5,0.00500,4.159e-04,12.0,5.1,28.0,2,1
Aria,first,1,0,0,1,1,3,0.00300,2.501e-04,12.0,4.1,35.1,3,1
Raven,first,0,0,0,1,1,2,0.00200,1.687e-04,11.9,3.3,43.1,2,1
Emma,first,1,0,1,1,19,22,0.02200,1.873e-03,11.7,7.8,17.7,4,0
Jack,first,0,0,0,8,8,16,0.01600,1.387e-03,11.5,7.1,18.6,2,0
Ruby,first,0,0,0,3,2,5,0.00500,4.363e-04,11.5,4.9,26.7,2,1
Sterling,surname,0,1,0,0,0,1,0.00100,8.774e-05,11.4,2.0,64.3,1,1
Eden,first,0,0,0,2,0,2,0.00200,1.759e-04,11.4,3.1,41.3,1,1
Fraser,surname,0,0,0,1,0,1,0.00100,8.796e-05,11.4,2.0,64.1,1,1
Eva,first,0,3,1,0,1,5,0.00500,4.410e-04,11.3,4.8,26.4,3,1
Julian,first,0,2,0,4,3,9,0.00900,7.956e-04,11.3,6.0,21.4,3,1
Aisha,first,0,0,1,0,0,1,0.00100,8.854e-05,11.3,2.0,63.7,1,1
Ida,first,0,1,0,0,0,1,0.00100,9.054e-05,11.0,1.9,62.3,1,1
Taylor,surname,0,0,0,13,15,28,0.02800,2.545e-03,11.0,7.6,15.8,2,0
Bertha,first,0,0,0,1,0,1,0.00100,9.223e-05,10.8,1.9,61.2,1,1
Sinclair,surname,0,0,0,0,1,1,0.00100,9.231e-05,10.8,1.9,61.1,1,1
McKenna,surname,0,0,0,0,1,1,0.00100,9.248e-05,10.8,1.9,61.0,1,1
Lily,first,0,1,2,0,3,6,0.00600,5.611e-04,10.7,4.9,23.2,3,1
Sharpe,surname,0,1,0,0,0,1,0.00100,9.785e-05,10.2,1.8,57.7,1,1
Holloway,surname,2,0,0,0,0,2,0.00200,1.967e-04,10.2,2.8,36.9,1,1
Christopher,surname,0,1,0,0,0,1,0.00100,9.849e-05,10.2,1.8,57.3,1,1
Connor,surname,0,0,0,1,0,1,0.00100,9.943e-05,10.1,1.8,56.7,1,1
Antoine,first,1,0,0,0,0,1,0.00100,9.979e-05,10.0,1.8,56.5,1,1
Ada,first,0,0,0,0,1,1,0.00100,1.009e-04,9.9,1.7,55.9,1,1
Margie,first,0,0,0,0,1,1,0.00100,1.018e-04,9.8,1.7,55.4,1,1
Ellis,first,1,0,0,0,0,1,0.00100,1.020e-04,9.8,1.7,55.3,1,1
Wilder,surname,0,0,0,0,1,1,0.00100,1.051e-04,9.5,1.7,53.7,1,1
Lee,surname,0,0,0,18,4,22,0.02200,2.348e-03,9.4,6.2,14.1,2,0
Alex,first,0,0,0,0,9,9,0.00900,9.657e-04,9.3,4.9,17.6,1,1
Marino,surname,0,0,0,0,1,1,0.00100,1.074e-04,9.3,1.6,52.6,1,1
Iris,first,1,0,0,0,1,2,0.00200,2.155e-04,9.3,2.5,33.7,2,1
Jake,first,0,0,0,1,3,4,0.00400,4.353e-04,9.2,3.6,23.5,2,1
Reed,first,0,1,0,0,0,1,0.00100,1.093e-04,9.1,1.6,51.6,1,1
Cheng,surname,1,0,0,0,0,1,0.00100,1.118e-04,8.9,1.6,50.5,1,1
Olivia,first,0,0,1,11,4,16,0.01600,1.793e-03,8.9,5.5,14.4,3,0
Bill,first,2,0,0,0,0,2,0.00200,2.253e-04,8.9,2.4,32.2,1,1
Harrington,surname,0,0,0,0,2,2,0.00200,2.269e-04,8.8,2.4,32.0,1,1
Key,surname,1,0,0,0,0,1,0.00100,1.135e-04,8.8,1.6,49.7,1,1
Camille,first,0,0,0,2,0,2,0.00200,2.286e-04,8.7,2.4,31.8,1,1
Ruth,first,2,0,0,2,1,5,0.00500,5.837e-04,8.6,3.7,20.0,3,1
Margaret,first,10,1,1,0,0,12,0.01200,1.430e-03,8.4,4.8,14.6,3,0
Vasquez,surname,3,0,0,2,1,6,0.00600,7.209e-04,8.3,3.8,18.1,3,1
Jamie,first,0,0,1,3,7,11,0.01100,1.343e-03,8.2,4.6,14.6,3,0
OConnell,surname,0,1,0,0,0,1,0.00100,1.226e-04,8.2,1.4,46.0,1,1
Valeria,first,0,2,0,0,0,2,0.00200,2.474e-04,8.1,2.2,29.4,1,1
Woodward,surname,0,0,0,0,1,1,0.00100,1.246e-04,8.0,1.4,45.3,1,1
Miriam,first,2,0,0,0,0,2,0.00200,2.513e-04,8.0,2.2,28.9,1,1
Marisol,first,1,0,0,0,0,1,0.00100,1.288e-04,7.8,1.4,43.8,1,1
Khan,surname,0,1,0,1,0,2,0.00200,2.581e-04,7.7,2.1,28.1,2,1
Singh,surname,0,0,0,3,0,3,0.00300,3.956e-04,7.6,2.6,22.2,1,1
Lola,first,0,0,0,1,0,1,0.00100,1.319e-04,7.6,1.3,42.8,1,1
Liu,surname,2,0,0,0,0,2,0.00200,2.655e-04,7.5,2.1,27.4,1,1
Marla,first,1,0,0,0,0,1,0.00100,1.337e-04,7.5,1.3,42.2,1,1
Harding,surname,0,0,1,0,0,1,0.00100,1.348e-04,7.4,1.3,41.9,1,1
Higgins,surname,0,2,0,0,0,2,0.00200,2.704e-04,7.4,2.0,26.9,1,1
Adeline,first,0,0,0,0,1,1,0.00100,1.354e-04,7.4,1.3,41.7,1,1
Meredith,first,2,0,0,0,0,2,0.00200,2.710e-04,7.4,2.0,26.8,1,1
Don,first,0,0,2,0,0,2,0.00200,2.724e-04,7.3,2.0,26.7,1,1
Donovan,surname,1,0,0,0,0,1,0.00100,1.369e-04,7.3,1.3,41.2,1,1
Lila,first,0,1,0,0,0,1,0.00100,1.399e-04,7.1,1.3,40.3,1,1
Thompson,surname,0,0,0,13,3,16,0.01600,2.252e-03,7.1,4.4,11.5,2,0
Claire,first,3,0,0,0,1,4,0.00400,5.657e-04,7.1,2.8,18.1,2,1
Kira,first,1,0,0,0,0,1,0.00100,1.422e-04,7.0,1.2,39.7,1,1
Corbin,first,0,0,1,0,0,1,0.00100,1.447e-04,6.9,1.2,39.0,1,1
Dave,first,0,0,0,0,1,1,0.00100,1.448e-04,6.9,1.2,39.0,1,1
Matthews,surname,0,0,0,2,1,3,0.00300,4.449e-04,6.7,2.3,19.7,2,1
Luca,first,0,0,0,0,1,1,0.00100,1.512e-04,6.6,1.2,37.3,1,1
Lucia,first,0,0,0,0,1,1,0.00100,1.515e-04,6.6,1.2,37.2,1,1
Cordova,surname,1,0,0,0,0,1,0.00100,1.535e-04,6.5,1.2,36.8,1,1
Sophie,first,1,0,0,0,1,2,0.00200,3.079e-04,6.5,1.8,23.6,2,1
Pablo,first,0,0,0,0,1,1,0.00100,1.575e-04,6.4,1.1,35.8,1,1
Eliza,first,0,1,0,0,0,1,0.00100,1.575e-04,6.3,1.1,35.8,1,1
Hawkins,surname,0,0,0,1,2,3,0.00300,4.735e-04,6.3,2.2,18.5,2,1
Eli,first,1,1,0,0,1,3,0.00300,4.765e-04,6.3,2.1,18.4,3,1
Declan,first,1,0,0,0,0,1,0.00100,1.677e-04,6.0,1.1,33.7,1,1
Martha,first,2,0,2,0,0,4,0.00400,6.757e-04,5.9,2.3,15.2,2,1
Rowan,first,0,0,0,0,1,1,0.00100,1.726e-04,5.8,1.0,32.7,1,1
Atkins,surname,0,0,1,0,0,1,0.00100,1.751e-04,5.7,1.0,32.2,1,1
Edgar,first,0,0,1,1,0,2,0.00200,3.503e-04,5.7,1.6,20.7,2,1
Marion,first,1,0,0,0,0,1,0.00100,1.756e-04,5.7,1.0,32.1,1,1
Walsh,surname,2,0,0,0,0,2,0.00200,3.560e-04,5.6,1.5,20.4,1,1
Claudia,first,2,0,0,0,0,2,0.00200,3.575e-04,5.6,1.5,20.3,1,1
Mike,first,0,0,0,0,3,3,0.00300,5.489e-04,5.5,1.9,16.0,1,1
Monroe,surname,0,0,0,0,1,1,0.00100,1.868e-04,5.4,0.9,30.2,1,1
Alexandria,first,2,0,0,0,0,2,0.00200,3.836e-04,5.2,1.4,18.9,1,1
Vivian,first,1,0,0,0,1,2,0.00200,3.870e-04,5.2,1.4,18.8,2,1
Wilkins,surname,0,0,0,0,1,1,0.00100,1.987e-04,5.0,0.9,28.4,1,1
Nash,surname,0,0,0,0,1,1,0.00100,1.989e-04,5.0,0.9,28.4,1,1
Henry,first,0,0,0,6,0,6,0.00600,1.223e-03,4.9,2.3,10.7,1,1
Marsh,surname,1,0,0,0,0,1,0.00100,2.111e-04,4.7,0.8,26.7,1,1
Cora,first,0,1,0,0,0,1,0.00100,2.132e-04,4.7,0.8,26.5,1,1
Kent,first,0,0,0,0,1,1,0.00100,2.149e-04,4.7,0.8,26.3,1,1
Wright,surname,0,0,0,6,1,7,0.00700,1.555e-03,4.5,2.2,9.2,2,1
Kim,surname,1,0,0,1,2,4,0.00400,8.889e-04,4.5,1.8,11.5,3,1
Evelyn,first,1,0,1,1,1,4,0.00400,9.027e-04,4.4,1.7,11.3,4,1
Maxwell,surname,0,0,1,0,0,1,0.00100,2.303e-04,4.3,0.8,24.5,1,1
Santos,surname,0,0,0,0,2,2,0.00200,4.650e-04,4.3,1.2,15.6,1,1
Hansen,surname,0,0,0,0,2,2,0.00200,4.675e-04,4.3,1.2,15.5,1,1
Reed,surname,0,0,0,0,4,4,0.00400,9.386e-04,4.3,1.7,10.9,1,1
Francisco,first,0,0,0,0,2,2,0.00200,4.731e-04,4.2,1.2,15.4,1,1
Rowe,surname,0,0,0,0,1,1,0.00100,2.368e-04,4.2,0.7,23.8,1,1
Ezra,first,0,0,0,1,0,1,0.00100,2.451e-04,4.1,0.7,23.0,1,1
Blake,surname,1,0,0,0,0,1,0.00100,2.500e-04,4.0,0.7,22.6,1,1
Gill,surname,1,0,0,0,0,1,0.00100,2.539e-04,3.9,0.7,22.2,1,1
Sandy,first,0,0,0,0,1,1,0.00100,2.539e-04,3.9,0.7,22.2,1,1
Warren,surname,0,0,0,2,0,2,0.00200,5.155e-04,3.9,1.1,14.1,1,1
Violet,first,1,0,0,0,0,1,0.00100,2.582e-04,3.9,0.7,21.9,1,1
Bernard,first,1,0,0,0,0,1,0.00100,2.595e-04,3.9,0.7,21.7,1,1
Chan,surname,1,0,0,0,0,1,0.00100,2.598e-04,3.8,0.7,21.7,1,1
Mitchell,surname,1,0,0,3,1,5,0.00500,1.303e-03,3.8,1.6,8.9,3,1
Harris,surname,0,0,0,4,4,8,0.00800,2.115e-03,3.8,1.9,7.4,2,1
Klein,surname,0,0,0,0,1,1,0.00100,2.760e-04,3.6,0.6,20.4,1,1
Ellie,first,0,1,0,0,0,1,0.00100,2.769e-04,3.6,0.6,20.4,1,1
Reeves,surname,1,0,0,0,0,1,0.00100,2.778e-04,3.6,0.6,20.3,1,1
McCarthy,surname,0,0,0,0,1,1,0.00100,2.811e-04,3.6,0.6,20.1,1,1
Thomas,first,4,1,12,2,1,20,0.02000,5.674e-03,3.5,2.3,5.4,5,0
Isabelle,first,0,1,0,0,0,1,0.00100,2.839e-04,3.5,0.6,19.9,1,1
Brooks,surname,0,0,0,0,3,3,0.00300,8.527e-04,3.5,1.2,10.3,1,1
Hudson,first,0,0,0,1,0,1,0.00100,2.850e-04,3.5,0.6,19.8,1,1
Graves,surname,1,0,0,0,0,1,0.00100,2.852e-04,3.5,0.6,19.8,1,1
Maria,first,2,0,1,1,2,6,0.00600,1.752e-03,3.4,1.6,7.4,4,1
Marcia,first,1,0,0,0,0,1,0.00100,2.975e-04,3.4,0.6,19.0,1,1
Wells,surname,0,0,0,0,2,2,0.00200,5.971e-04,3.3,0.9,12.2,1,1
Jenny,first,0,1,0,0,0,1,0.00100,3.173e-04,3.2,0.6,17.8,1,1
Caldwell,surname,1,0,0,0,0,1,0.00100,3.183e-04,3.1,0.6,17.7,1,1
Penny,first,0,0,1,0,0,1,0.00100,3.227e-04,3.1,0.5,17.5,1,1
Vincent,first,3,0,0,0,0,3,0.00300,9.892e-04,3.0,1.0,8.9,1,1
Keller,surname,0,0,0,0,1,1,0.00100,3.330e-04,3.0,0.5,16.9,1,1
Cortez,surname,0,0,0,0,1,1,0.00100,3.446e-04,2.9,0.5,16.4,1,1
Diane,first,4,0,0,0,0,4,0.00400,1.426e-03,2.8,1.1,7.2,1,1
Joanna,first,0,0,0,0,1,1,0.00100,3.611e-04,2.8,0.5,15.6,1,1
Park,surname,1,0,0,0,0,1,0.00100,3.615e-04,2.8,0.5,15.6,1,1
Yolanda,first,1,0,0,0,0,1,0.00100,3.663e-04,2.7,0.5,15.4,1,1
Abigail,first,0,0,0,2,2,4,0.00400,1.469e-03,2.7,1.1,7.0,2,1
Henderson,surname,0,0,2,0,0,2,0.00200,7.400e-04,2.7,0.7,9.8,1,1
Bethany,first,1,0,0,0,0,1,0.00100,3.776e-04,2.6,0.5,14.9,1,1
Javier,first,0,0,0,1,0,1,0.00100,3.846e-04,2.6,0.5,14.7,1,1
James,first,13,0,0,8,8,29,0.02900,1.116e-02,2.6,1.8,3.7,3,0
Jensen,surname,0,0,0,1,0,1,0.00100,3.919e-04,2.6,0.5,14.4,1,1
Vega,surname,0,1,0,0,0,1,0.00100,3.953e-04,2.5,0.4,14.3,1,1
Mark,first,0,2,8,0,2,12,0.01200,4.950e-03,2.4,1.4,4.2,3,0
Harper,surname,0,0,0,0,1,1,0.00100,4.217e-04,2.4,0.4,13.4,1,1
Carter,surname,0,3,0,0,0,3,0.00300,1.277e-03,2.3,0.8,6.9,1,1
Ethan,first,1,0,2,1,0,4,0.00400,1.714e-03,2.3,0.9,6.0,3,1
Ortega,surname,0,0,0,0,1,1,0.00100,4.312e-04,2.3,0.4,13.1,1,1
Brooklyn,first,0,0,0,0,1,1,0.00100,4.312e-04,2.3,0.4,13.1,1,1
Hoffman,surname,1,0,0,0,0,1,0.00100,4.452e-04,2.2,0.4,12.7,1,1
Derek,first,1,0,1,0,0,2,0.00200,8.966e-04,2.2,0.6,8.1,2,1
Lane,surname,0,0,0,1,0,1,0.00100,4.548e-04,2.2,0.4,12.4,1,1
Eugene,first,0,0,0,0,1,1,0.00100,4.553e-04,2.2,0.4,12.4,1,1
Carson,first,0,0,0,0,1,1,0.00100,4.593e-04,2.2,0.4,12.3,1,1
Ryan,first,0,0,0,7,1,8,0.00800,3.721e-03,2.2,1.1,4.2,2,1
Eddie,first,1,0,0,0,0,1,0.00100,4.662e-04,2.1,0.4,12.1,1,1
Lydia,first,0,1,0,0,0,1,0.00100,4.764e-04,2.1,0.4,11.8,1,1
Colin,first,1,0,0,0,0,1,0.00100,4.824e-04,2.1,0.4,11.7,1,1
Edwin,first,0,0,0,0,1,1,0.00100,4.898e-04,2.0,0.4,11.5,1,1
Autumn,first,1,0,0,0,0,1,0.00100,5.007e-04,2.0,0.4,11.3,1,1
Helen,first,0,1,0,0,0,1,0.00100,5.094e-04,2.0,0.3,11.1,1,1
Mario,first,0,0,0,0,1,1,0.00100,5.131e-04,1.9,0.3,11.0,1,1
Mills,surname,0,0,0,0,1,1,0.00100,5.148e-04,1.9,0.3,11.0,1,1
Stone,surname,0,0,0,0,1,1,0.00100,5.195e-04,1.9,0.3,10.9,1,1
Wagner,surname,0,0,0,0,1,1,0.00100,5.279e-04,1.9,0.3,10.7,1,1
Beth,first,0,0,1,0,0,1,0.00100,5.451e-04,1.8,0.3,10.4,1,1
Simpson,surname,0,0,0,0,1,1,0.00100,5.529e-04,1.8,0.3,10.2,1,1
Reyes,surname,0,0,0,1,1,2,0.00200,1.111e-03,1.8,0.5,6.5,2,1
Jean,first,0,0,0,0,1,1,0.00100,5.559e-04,1.8,0.3,10.1,1,1
Collins,surname,0,0,0,0,2,2,0.00200,1.117e-03,1.8,0.5,6.5,1,1
Sofia,first,0,0,0,0,1,1,0.00100,5.621e-04,1.8,0.3,10.0,1,1
Alice,first,0,0,0,1,0,1,0.00100,5.630e-04,1.8,0.3,10.0,1,1
Tucker,surname,0,0,0,0,1,1,0.00100,5.673e-04,1.8,0.3,9.9,1,1
Gina,first,0,0,0,0,1,1,0.00100,5.805e-04,1.7,0.3,9.7,1,1
Kelsey,first,1,0,0,0,0,1,0.00100,5.881e-04,1.7,0.3,9.6,1,1
Evans,surname,0,2,0,0,0,2,0.00200,1.205e-03,1.7,0.5,6.0,1,1
Rose,first,0,1,0,0,0,1,0.00100,6.080e-04,1.6,0.3,9.3,1,1
Harrison,surname,0,0,0,0,1,1,0.00100,6.136e-04,1.6,0.3,9.2,1,1
Lee,first,0,0,0,0,1,1,0.00100,6.289e-04,1.6,0.3,9.0,1,1
Stevens,surname,0,0,0,0,1,1,0.00100,6.291e-04,1.6,0.3,9.0,1,1
Brenda,first,0,1,2,0,0,3,0.00300,1.891e-03,1.6,0.5,4.6,2,1
Ellis,surname,0,0,0,1,0,1,0.00100,6.403e-04,1.6,0.3,8.8,1,1
Sebastian,first,0,0,0,1,0,1,0.00100,6.541e-04,1.5,0.3,8.6,1,1
Hayes,surname,1,0,0,0,0,1,0.00100,6.581e-04,1.5,0.3,8.6,1,1
Reynolds,surname,0,0,0,0,1,1,0.00100,6.785e-04,1.5,0.3,8.3,1,1
Wesley,first,1,0,0,0,0,1,0.00100,6.826e-04,1.5,0.3,8.3,1,1
Jordan,surname,0,0,0,0,1,1,0.00100,7.061e-04,1.4,0.3,8.0,1,1
Billy,first,0,0,1,0,0,1,0.00100,7.065e-04,1.4,0.2,8.0,1,1
Owen,first,0,0,1,0,0,1,0.00100,7.134e-04,1.4,0.2,7.9,1,1
Powell,surname,0,0,0,0,1,1,0.00100,7.619e-04,1.3,0.2,7.4,1,1
Peter,first,1,0,1,0,0,2,0.00200,1.555e-03,1.3,0.4,4.7,2,1
Riley,first,1,0,0,0,0,1,0.00100,7.985e-04,1.3,0.2,7.1,1,1
Dennis,first,2,0,0,0,0,2,0.00200,1.603e-03,1.2,0.3,4.5,1,1
Bennett,surname,0,0,0,0,1,1,0.00100,8.389e-04,1.2,0.2,6.7,1,1
James,surname,0,0,0,1,0,1,0.00100,8.450e-04,1.2,0.2,6.7,1,1
Connor,first,1,0,0,0,0,1,0.00100,8.506e-04,1.2,0.2,6.6,1,1
Charlotte,first,0,0,0,1,0,1,0.00100,8.912e-04,1.1,0.2,6.3,1,1
Ramos,surname,0,0,0,1,0,1,0.00100,8.927e-04,1.1,0.2,6.3,1,1
Alexandra,first,0,0,0,0,1,1,0.00100,9.088e-04,1.1,0.2,6.2,1,1
Rodriguez,surname,1,0,0,1,2,4,0.00400,3.710e-03,1.1,0.4,2.8,3,1
Jackson,first,0,0,0,0,1,1,0.00100,9.650e-04,1.0,0.2,5.8,1,1
Morales,surname,0,0,0,0,1,1,0.00100,1.056e-03,0.9,0.2,5.3,1,1
Lucas,first,0,0,0,0,1,1,0.00100,1.059e-03,0.9,0.2,5.3,1,1
Dawn,first,0,0,1,0,0,1,0.00100,1.061e-03,0.9,0.2,5.3,1,1
Stewart,surname,0,0,0,0,1,1,0.00100,1.101e-03,0.9,0.2,5.1,1,1
Ava,first,0,0,0,0,1,1,0.00100,1.103e-03,0.9,0.2,5.1,1,1
Samuel,first,2,0,0,0,0,2,0.00200,2.315e-03,0.9,0.2,3.1,1,1
Elijah,first,0,0,0,1,0,1,0.00100,1.195e-03,0.8,0.1,4.7,1,1
Sara,first,1,0,0,0,0,1,0.00100,1.325e-03,0.8,0.1,4.3,1,1
Benjamin,first,0,0,0,0,2,2,0.00200,2.660e-03,0.8,0.2,2.7,1,1
Raymond,first,1,0,0,0,0,1,0.00100,1.345e-03,0.7,0.1,4.2,1,1
Isabella,first,0,0,0,0,1,1,0.00100,1.357e-03,0.7,0.1,4.2,1,1
Catherine,first,1,0,0,0,0,1,0.00100,1.390e-03,0.7,0.1,4.1,1,1
Green,surname,0,0,0,1,0,1,0.00100,1.458e-03,0.7,0.1,3.9,1,1
Anna,first,0,1,0,0,0,1,0.00100,1.546e-03,0.6,0.1,3.6,1,1
Daniel,first,1,0,3,0,0,4,0.00400,6.544e-03,0.6,0.2,1.6,2,1
Victoria,first,0,0,1,0,0,1,0.00100,1.732e-03,0.6,0.1,3.3,1,1
Williams,surname,0,0,0,1,2,3,0.00300,5.507e-03,0.5,0.2,1.6,2,1
George,first,0,0,0,0,1,1,0.00100,1.929e-03,0.5,0.1,2.9,1,1
Miller,surname,0,0,1,0,1,2,0.00200,3.935e-03,0.5,0.1,1.8,2,1
Sanchez,surname,0,0,0,0,1,1,0.00100,2.076e-03,0.5,0.1,2.7,1,1
David,first,4,0,1,0,0,5,0.00500,1.116e-02,0.4,0.2,1.0,2,1
Samantha,first,0,0,0,0,1,1,0.00100,2.233e-03,0.4,0.1,2.5,1,1
Edward,first,0,0,1,0,0,1,0.00100,2.238e-03,0.4,0.1,2.5,1,1
Stephen,first,0,1,0,0,0,1,0.00100,2.702e-03,0.4,0.1,2.1,1,1
Karen,first,0,0,0,0,1,1,0.00100,3.090e-03,0.3,0.1,1.8,1,1
Hernandez,surname,0,0,0,0,1,1,0.00100,3.535e-03,0.3,0.0,1.6,1,1
Michael,first,0,0,4,0,0,4,0.00400,1.510e-02,0.3,0.1,0.7,1,1
Jason,first,0,0,0,0,1,1,0.00100,3.999e-03,0.3,0.0,1.4,1,1
William,first,0,1,0,0,1,2,0.00200,8.214e-03,0.2,0.1,0.9,2,1
Kevin,first,0,0,1,0,0,1,0.00100,4.485e-03,0.2,0.0,1.3,1,1
Brown,surname,0,0,0,1,0,1,0.00100,4.869e-03,0.2,0.0,1.2,1,1
Robert,first,1,0,1,0,0,2,0.00200,9.956e-03,0.2,0.1,0.7,2,1
Mary,first,0,0,0,1,0,1,0.00100,5.217e-03,0.2,0.0,1.1,1,1
John,first,0,0,1,0,0,1,0.00100,1.060e-02,0.1,0.0,0.5,1,1
